,District,Latitude,Longitude
0,FAIR HAVEN BORO,40.36427000000003,-74.03588999999994
1,ENGLEWOOD CLIFFS BORO,40.87924000000004,-73.95077999999995
2,MENDHAM TWP,40.79423000000003,-74.56898999999999
3,UNION COUNTY VOCATIONAL,40.61876994099601,-74.35869995441209
4,ESSEX FELLS BORO,40.83041000000003,-74.28347999999994
5,BERGEN COUNTY VOCATIONAL,40.95949148700004,-74.07444200499998
6,MORRIS COUNTY VOCATIONAL,40.86201902400006,-74.54427410199997
7,OCEAN COUNTY VOCATIONAL,39.90927433500008,-74.29696530399997
8,MONMOUTH CO VOCATIONAL,40.16967006939238,-74.06308997605223
9,ALLENDALE BORO,41.03043000000008,-74.13722999999999
10,MOUNTAINSIDE BORO,40.672510000000045,-74.35519999999997
11,RIVER EDGE BORO,40.932660000000055,-74.03322999999995
12,ORADELL BORO,40.95308000000006,-74.03185999999994
13,RUMSON BORO,40.37679000000003,-74.00486999999998
14,CRANBURY TWP,40.31099000000006,-74.51624999999996
15,GLOUCESTER CO VOCATIONAL,39.71720106500004,-75.14164365699997
16,PASSAIC COUNTY VOCATIONAL,41.03434749000007,-74.30105721099994
17,FREDON TWP,41.036640000000034,-74.81308999999999
18,BRIELLE BORO,40.11241000000007,-74.05703999999997
19,CLOSTER BORO,40.97127000000006,-73.95965999999999
20,LITTLE SILVER BORO,40.34006000000005,-74.04310999999996
21,BAY HEAD BORO,40.070760000000064,-74.04707999999994
22,MANSFIELD TWP,40.09248000000008,-74.71368999999999
23,MAYWOOD BORO,40.903770000000065,-74.05973999999998
24,NORTHERN VALLEY REGIONAL,41.01040000000006,-73.97876999999994
25,ISLAND HEIGHTS BORO,39.941940000000045,-74.13815999999997
26,LITTLE FALLS TWP,40.884060000000034,-74.23632999999995
27,WEST MORRIS REGIONAL,39.99372000000005,-75.03376999999995
28,CRESSKILL BORO,40.94151000000005,-73.95995999999997
29,TENAFLY BORO,40.927680000000066,-73.96876999999995
30,FLORHAM PARK BORO,40.78520000000003,-74.39448999999996
31,HARRISON TWP,39.75569000000007,-75.26424999999995
32,MENDHAM BORO,40.77576000000005,-74.60121999999996
33,SANDYSTON-WALPACK TWP,41.15812000000005,-74.87874999999997
34,NORTHERN HIGHLANDS REG,41.03531001283931,-74.14420998052424
35,HAWORTH BORO,40.96082000000007,-73.99211999999994
36,SPRING LAKE BORO,40.151140000000055,-74.03295999999995
37,UPPER SADDLE RIVER BORO,41.06483000000003,-74.09805999999998
38,SPRING LAKE HEIGHTS BORO,40.155110000000036,-74.03479999999996
39,TEWKSBURY TWP,40.705610000000036,-74.77469999999994
40,RUMSON-FAIR HAVEN REG,40.36852008280856,-74.00197006665094
41,ALPINE BORO,40.94909000000007,-73.92908999999997
42,NEW PROVIDENCE BORO,40.709670000000074,-74.40225999999996
43,GLEN RIDGE BORO,40.799930000000074,-74.20483999999993
44,ATLANTIC HIGHLANDS BORO,40.41295000000008,-74.03815999999995
45,DENVILLE TWP,40.89631000000003,-74.48243999999994
46,ROSELAND BORO,40.82245000000006,-74.29243999999994
47,NORTH CALDWELL BORO,40.86036000000007,-74.26067999999998
48,MONTVILLE TWP,40.88397000000003,-74.36484999999993
49,RAMAPO-INDIAN HILL REG,39.718079819316586,-74.98682277614067
50,MIDLAND PARK BORO,40.990980000000036,-74.14154999999994
51,KINGWOOD TWP,40.52715000000006,-75.00631999999996
52,DEMAREST BORO,40.955820000000074,-73.96425999999997
53,FAIR LAWN BORO,40.93610000000007,-74.13190999999995
54,HARDING TOWNSHIP,40.748770000000036,-74.48331999999994
55,HO HO KUS BORO,40.998620000000074,-74.10927999999996
56,PASCACK VALLEY REGIONAL,40.98839883031819,-74.06316923052901
57,HANOVER PARK REGIONAL,40.80454000000003,-74.36681999999996
58,MONMOUTH BEACH BORO,40.331380000000024,-73.97938999999997
59,SCOTCH PLAINS-FANWOOD REG,40.65294000000006,-74.38517999999993
60,NORWOOD BORO,40.99379000000005,-73.94942999999995
61,FRELINGHUYSEN TWP,40.96604000000008,-74.87342999999998
62,WESTFIELD TOWN,38.97391950000001,-74.91896775000001
63,EAST GREENWICH TWP,39.79914000000008,-75.22336999999999
64,MORRIS PLAINS BORO,40.82648000000006,-74.47986999999995
65,SUMMIT CITY,40.715100000000064,-74.36486999999994
66,CHESTER TWP,40.77915000000007,-74.72287999999998
67,ESSEX CO VOC-TECH,40.78779259400005,-74.24760058899994
68,GREENWICH TWP,40.70049000000006,-75.11974999999995
69,MILLBURN TWP,40.72384000000005,-74.30739999999997
70,OCEANPORT BORO,40.321930000000066,-74.01619999999997
71,WARREN TWP,40.61922000000004,-74.49063999999998
72,PRINCETON REGIONAL,40.36076000000003,-74.66445999999996
73,LIVINGSTON TWP,40.781150000000025,-74.31609999999995
74,MANALAPAN-ENGLISHTOWN REG,40.2848499959616,-74.35701002524488
75,PEQUANNOCK TWP,40.96432000000004,-74.29515999999995
76,HILLSBOROUGH TWP,40.506530000000055,-74.67704999999995
77,RAMSEY BORO,41.058800000000076,-74.14398999999997
78,NEW MILFORD BORO,40.92440000000005,-74.02701999999994
79,WOODCLIFF LAKE BORO,41.022230000000036,-74.04885999999993
80,ATLANTIC CO VOCATIONAL,39.480656398000065,-74.67264305599997
81,W WINDSOR-PLAINSBORO REG,40.30543005107051,-74.6209599981259
82,HADDONFIELD BORO,39.898960000000045,-75.03014999999994
83,SOUTHAMPTON TWP,39.91990000000004,-74.71654999999998
84,RED BANK REGIONAL,40.34994000000006,-74.03959999999995
85,FRANKLIN LAKES BORO,41.02032000000003,-74.20005999999995
86,RIDGEWOOD VILLAGE,40.98121000000003,-74.11347999999998
87,CRANFORD TWP,40.65749000000005,-74.30221999999998
88,SWEDESBORO-WOOLWICH,39.71175093222395,-75.35300300927369
89,SOUTH HACKENSACK TWP,40.86029000000008,-74.04537999999997
90,HUDSON COUNTY VOCATIONAL,40.74034230900003,-74.07410969899996
91,FARMINGDALE BORO,40.199580000000026,-74.16567999999995
92,GLEN ROCK BORO,40.961370000000045,-74.12889999999999
93,FORT LEE BORO,40.85339000000005,-73.97427999999996
94,GREEN TWP,40.95111000000003,-74.80407999999994
95,KINNELON BORO,40.998740000000055,-74.37596999999994
96,ROBBINSVILLE TWP,40.22703000000007,-74.63515999999998
97,RIVER VALE TWP,41.008920000000046,-74.01073999999994
98,DUMONT BORO,40.93799000000007,-73.99440999999996
99,SCH DIST OF THE CHATHAMS,40.732381739991645,-74.40652491198097
100,POMPTON LAKES BORO,41.00311000000005,-74.28945999999996
101,BERNARDS TWP,40.69837000000007,-74.54527999999993
102,GREENWICH TWP,40.70049000000006,-75.11974999999995
103,MIDDLESEX CO VOCATIONAL,40.51434007328751,-74.26209005611938
104,HARRINGTON PARK BORO,40.98666000000003,-73.97884999999997
105,CLINTON TWP,40.623890000000074,-74.88064999999995
106,MADISON BORO,40.75729000000007,-74.41613999999998
107,BYRAM TWP,40.93769000000003,-74.70774999999998
108,EMERSON BORO,40.97520000000003,-74.02444999999994
109,MOORESTOWN TWP,39.964180000000056,-74.94917999999996
110,BRIDGEWATER-RARITAN REG,40.59281992224055,-74.63278004775222
111,N HUNT/VOORHEES REGIONAL,40.48246000000006,-74.48538999999994
112,WYCKOFF TWP,41.01093000000003,-74.16603999999995
113,METUCHEN BORO,40.54445000000004,-74.36320999999998
114,CLINTON TOWN,40.623890000000074,-74.88064999999995
115,OLD TAPPAN BORO,41.014050000000054,-73.98158999999998
116,COLTS NECK TWP,40.29380000000003,-74.19085999999999
117,MOUNTAIN LAKES BORO,40.886960000000045,-74.45089999999993
118,"CAMDEN PREP, INC.",39.945250000000044,-75.11912999999998
119,MINE HILL TWP,40.87974000000003,-74.59933999999998
120,CEDAR GROVE TWP,40.851420000000076,-74.22933999999998
121,CLARK TWP,40.624810000000025,-74.31453999999997
122,MONTVALE BORO,41.05033000000003,-74.06213999999994
123,PARSIPPANY-TROY HILLS TWP,40.871830000000045,-74.42214999999999
124,BRANCHBURG TWP,40.56110000000007,-74.70087999999998
125,RIVER DELL REGIONAL,40.94423000000006,-74.03456999999997
126,BUTLER BORO,41.00396000000006,-74.34383999999994
127,PARK RIDGE BORO,41.03377000000006,-74.03930999999994
128,RIVERTON,40.01040000000006,-75.01279999999997
129,RED BANK BORO,40.34920000000005,-74.07013999999998
130,MONTGOMERY TWP,40.45596000000006,-74.65941999999995
131,MOUNT OLIVE TWP,40.84746000000007,-74.74558999999994
132,UNION TWP,40.69668000000007,-74.27088999999995
133,RIVERDALE BORO,40.98903000000007,-74.30260999999996
134,STILLWATER TWP,41.05717000000004,-74.86288999999994
135,WATCHUNG HILLS REGIONAL,40.65139998990211,-74.47670999105587
136,LAUREL SPRINGS BORO,39.824020000000075,-75.00074999999998
137,WASHINGTON TWP,39.74475000000007,-75.08470999999997
138,PARAMUS BORO,40.92712000000006,-74.06175999999994
139,HOPEWELL VALLEY REGIONAL,40.388040000000046,-74.75811999999996
140,GREENWICH TWP,40.70049000000006,-75.11974999999995
141,BOONTON TWP,40.91509000000008,-74.42766999999998
142,EAST AMWELL TWP,40.42046000000005,-74.86993999999999
143,FRANKLIN TWP,40.49649000000005,-74.52676999999994
144,LOGAN TWP,39.801210000000026,-75.34847999999994
145,BERKELEY HEIGHTS TWP,40.68202000000008,-74.44208999999995
146,RANDOLPH TWP,40.84872000000007,-74.56160999999997
147,HOLMDEL TWP,40.38454000000007,-74.18808999999999
148,SADDLE RIVER BORO,41.03186000000005,-74.09923999999995
149,HUNTERDON CENTRAL REG,40.51783000000006,-74.85045999999994
150,NUTLEY TOWN,40.81854000000004,-74.15854999999993
151,MOONACHIE BORO,40.84185000000008,-74.04562999999996
152,CALIFON BORO,40.71876000000003,-74.83738999999997
153,MARLBORO TWP,40.32698000000005,-74.26693999999998
154,BEDMINSTER TWP,40.68278000000004,-74.64790999999997
155,SUSSEX COUNTY VOCATIONAL,41.13934496100006,-74.69067761999997
156,WESTWOOD REGIONAL,40.980450000000076,-74.06190999999995
157,VOORHEES TWP,39.856100000000026,-74.98500999999999
158,HASBROUCK HEIGHTS BORO,40.865080000000034,-74.07500999999996
159,EDISON TWP,40.52679000000006,-74.39356999999995
160,MARGATE CITY,39.320730000000026,-74.51224999999994
161,LEONIA BORO,40.86112000000003,-73.98835999999994
162,LENAPE REGIONAL,39.71880709307974,-75.46520090955221
163,BEVERLY CITY,40.06350000000003,-74.92119999999994
164,AVON BORO,39.97667249999999,-74.541798
165,SPRINGFIELD TWP,40.70850000000007,-74.31356999999997
166,HOLLAND TWP,40.596430000000055,-75.12755999999996
167,MEDFORD TWP,39.90098000000006,-74.82350999999994
168,LODI BOROUGH,40.878990000000044,-74.08069999999998
169,MILFORD BORO,40.569450000000074,-75.09484999999995
170,NORTH ARLINGTON BORO,40.78915000000006,-74.13286999999997
171,HANOVER TWP,40.830430000000035,-74.43478999999996
172,BURLINGTON CO VOCATIONAL,39.87751820300008,-74.66790126899997
173,WHITE TWP,40.836580000000026,-75.02863999999994
174,CLIFFSIDE PARK BORO,40.82125000000008,-73.98799999999994
175,GREAT MEADOWS REGIONAL,40.869980000000055,-74.91432999999995
176,LOPATCONG TWP,40.699110000000076,-75.16620999999998
177,BOGOTA BORO,40.879530000000045,-74.03019999999998
178,WASHINGTON BORO,40.759340000000066,-74.97525999999993
179,RINGWOOD BORO,41.12931000000003,-74.26597999999996
180,EAST HANOVER TWP,40.82570000000004,-74.36101999999994
181,MILLSTONE TWP,40.227280000000064,-74.42515999999995
182,EAST BRUNSWICK TWP,40.41865000000007,-74.41970999999995
183,FRANKLIN TWP,40.49649000000005,-74.52676999999994
184,SOUTH BRUNSWICK TWP,40.38191000000006,-74.53302999999994
185,FAIRFIELD TWP,40.88014000000004,-74.28927999999996
186,BERGENFIELD BORO,40.93480000000005,-73.99546999999995
187,KINGSWAY REGIONAL,39.760230000000035,-75.29110999999995
188,COLLINGSWOOD BORO,39.91674000000006,-75.07050999999996
189,MORRIS SCHOOL DISTRICT,47.19885000000005,-65.20744999999994
190,DELAWARE VALLEY REGIONAL,40.56145007357412,-75.00535997446474
191,WEYMOUTH TWP,39.42525000000006,-74.79416999999995
192,MAHWAH TWP,41.08903000000004,-74.15415999999993
193,CARLSTADT-EAST RUTHERFORD,40.834550000000036,-74.09834999999998
194,UPPER PITTSGROVE TWP,39.616810000000044,-75.22900999999996
195,WENONAH BORO,39.78968000000003,-75.15168999999997
196,TINTON FALLS,40.30004000000008,-74.09095999999994
197,LAFAYETTE TWP,41.09711000000004,-74.68752999999998
198,SALEM COUNTY VOCATIONAL,39.64058000000006,-75.34732999999994
199,SOMERSET HILLS REGIONAL,40.498590000000036,-74.52248999999995
200,MORRIS HILLS REGIONAL,39.99372000000005,-75.03376999999995
201,HILLSDALE BORO,41.00264000000004,-74.03953999999999
202,DOVER TOWN,39.97620818736638,-74.57990403051504
203,LEBANON BORO,40.64085000000006,-74.83750999999995
204,CAMDEN COUNTY VOCATIONAL,39.80371856200003,-74.95999825099994
205,LEBANON TWP,40.718830000000025,-74.88917999999995
206,MANASQUAN BORO,40.12516000000005,-74.04559999999998
207,LINWOOD CITY,39.35375000000005,-74.57490999999999
208,WARREN COUNTY VOCATIONAL,40.85732358200005,-74.99706299999997
209,POHATCONG TWP,40.649200000000064,-75.14353999999997
210,WEST ESSEX REGIONAL,40.78779259400005,-74.24760058899994
211,SECAUCUS TOWN,41.174027672105915,-74.3750524092073
212,LYNDHURST TWP,40.81209000000007,-74.12465999999995
213,SOUTH PLAINFIELD BORO,40.585590000000025,-74.41853999999995
214,NORTH HANOVER TWP,40.13223000000005,-74.58598999999998
215,LINCOLN PARK BORO,40.92163000000005,-74.30413999999996
216,HAWTHORNE BORO,40.953610000000026,-74.15542999999997
217,FLEMINGTON-RARITAN REG,40.51511576705308,-74.8556921425665
218,MAINLAND REGIONAL,39.34554002452476,-74.57576007343069
219,WAYNE TWP,40.93008000000003,-74.22819999999996
220,SEA GIRT BORO,40.133380000000045,-74.03537999999998
221,MOUNT LAUREL TWP,39.93893000000003,-74.88587999999999
222,RUTHERFORD BORO,40.825590000000034,-74.10873999999995
223,WEST ORANGE TOWN,40.77863000000008,-74.23878999999994
224,POINT PLEASANT BEACH BORO,40.08729000000005,-74.04638999999997
225,HARRISON TOWN,39.75569000000007,-75.26424999999995
226,HADDON HEIGHTS BORO,39.88187000000005,-75.05929999999995
227,NEPTUNE CITY,40.19780000000003,-74.03044999999997
228,HAZLET TWP,40.42599000000007,-74.16609999999997
229,WINFIELD TWP,40.63527000000005,-74.28840999999994
230,ALLOWAY TWP,39.560010000000034,-75.36192999999997
231,VERONA BORO,40.83332000000007,-74.24939999999998
232,EAST WINDSOR REGIONAL,40.26800000000003,-74.54042999999996
233,CAPE MAY CO VOCATIONAL,39.150452563000044,-74.80411346199998
234,POINT PLEASANT BORO,40.08735752719769,-74.0455696008714
235,LONG HILL TWP,40.683710000000076,-74.47624999999994
236,MANSFIELD TWP,40.09248000000008,-74.71368999999999
237,CINNAMINSON TWP,39.998980000000074,-74.99472999999995
238,ROOSEVELT BORO,40.22033000000005,-74.47358999999994
239,RIDGEFIELD BORO,40.83594000000005,-74.00765999999999
240,MOUNT ARLINGTON BORO,40.93180000000007,-74.63038999999998
241,SPARTA TWP,41.04186000000004,-74.63002999999998
242,BARRINGTON BORO,39.87068000000005,-75.05258999999995
243,OAKLAND BORO,41.02383000000003,-74.24485999999996
244,GUTTENBERG TOWN,40.792880000000025,-74.00457999999998
245,SHORE REGIONAL,40.298359996104885,-74.02327993060767
246,NORTHERN BURLINGTON REG,40.08720006448669,-74.68599994777566
247,WANAQUE BORO,41.051100000000076,-74.28898999999996
248,WEST DEPTFORD TWP,39.841360000000066,-75.19978999999995
249,NORTH HALEDON BORO,40.953140000000076,-74.18388999999996
250,MONROE TWP,40.33150000000006,-74.43960999999996
251,PITTSGROVE TWP,39.550460000000044,-75.11762999999996
252,SPRINGFIELD TWP,40.70850000000007,-74.31356999999997
253,UNION TWP,40.69668000000007,-74.27088999999995
254,ELK TWP,39.66895000000005,-75.16066999999998
255,ROSELLE PARK BORO,40.66231000000005,-74.25950999999998
256,TEANECK TWP,40.88471000000004,-74.00668999999994
257,WASHINGTON TWP,39.74475000000007,-75.08470999999997
258,QUINTON TWP,39.54622000000006,-75.41273999999999
259,CLEARVIEW REGIONAL,39.750899954412205,-75.20806993205183
260,DELRAN TWP,40.01814000000007,-74.95699999999994
261,ALEXANDRIA TWP,40.571300000000065,-75.00994999999995
262,FREEHOLD TWP,40.235730000000046,-74.29430999999994
263,ROXBURY TWP,40.89025000000004,-74.66824999999994
264,WALL TWP,40.152900000000045,-74.06272999999999
265,NORTHVALE BORO,41.007780000000025,-73.95186999999999
266,LENAPE VALLEY REGIONAL,40.91971998167816,-74.6970900227939
267,WEST LONG BRANCH BORO,40.291360000000054,-74.01623999999998
268,CHERRY HILL TWP,39.92793000000006,-75.03045999999995
269,SHREWSBURY BORO,40.323860000000025,-74.06176999999997
270,SOMERVILLE BORO,40.570700000000045,-74.61938999999995
271,BLOOMINGDALE BORO,41.008110000000045,-74.33924999999994
272,BERLIN TWP,39.80791000000005,-74.94341999999995
273,BERLIN BORO,39.79645000000005,-74.93265999999994
274,MILLTOWN BORO,40.45381000000003,-74.43300999999997
275,OCEAN TWP,40.25386000000003,-74.01228999999995
276,PORT REPUBLIC CITY,39.53466000000003,-74.48737999999997
277,FREEHOLD REGIONAL,40.259010000000046,-74.27579999999995
278,HOWELL TWP,40.16938000000005,-74.18147999999997
279,SOUTH ORANGE-MAPLEWOOD,40.75143426012428,-74.28753031723754
280,CLEMENTON BORO,39.80776000000003,-74.98871999999994
281,GARFIELD CITY,40.88137000000006,-74.11343999999997
282,LITTLE FERRY BORO,40.85071000000005,-74.04375999999996
283,EASTERN CAMDEN COUNTY REG,39.85093006275592,-74.96897994373725
284,HARMONY TWP,40.762590000000046,-75.12921999999998
285,PITMAN BORO,39.73454000000004,-75.12130999999994
286,BASS RIVER TWP,39.67061000000007,-74.44725999999997
287,MIDDLETOWN TWP,40.39378000000005,-74.10374999999993
288,STOW CREEK TWP,39.45913000000007,-75.34918999999996
289,CAPE MAY CITY,38.935470000000066,-74.92136999999997
290,STANHOPE BORO,40.90351000000004,-74.70889999999997
291,BURLINGTON TWP,40.06693000000007,-74.82748999999995
292,WALDWICK BORO,41.01114000000007,-74.11955999999998
293,FRANKLIN BORO,41.116820000000075,-74.59159999999997
294,BOONTON TOWN,40.91509000000008,-74.42766999999998
295,ALLAMUCHY TWP,40.91986000000003,-74.84237999999993
296,WOODBINE BORO,39.23784000000006,-74.81340999999998
297,SPOTSWOOD BORO,40.399500000000046,-74.38658999999996
298,NATIONAL PARK BORO,39.865830000000074,-75.17980999999997
299,HACKETTSTOWN,40.85347000000007,-74.82877999999994
300,SHAMONG TWP,39.792140000000074,-74.75477999999998
301,EVESHAM TWP,39.886340000000075,-74.90842999999995
302,WALLINGTON BORO,40.85244000000006,-74.11598999999995
303,SOMERSET CO VOCATIONAL,40.563611183000035,-74.61627292899993
304,OCEAN GATE BORO,39.92826000000008,-74.13702999999998
305,GREEN BROOK TWP,40.60093000000006,-74.47421999999995
306,DEAL BORO,40.24903000000006,-74.00062999999994
307,KITTATINNY REGIONAL,41.10732004688503,-74.76429997590893
308,HIGHLANDS BORO,40.40179000000006,-73.98727999999994
309,PISCATAWAY TWP,40.53925000000004,-74.47148999999996
310,UPPER TWP,39.26343000000003,-74.72819999999996
311,UNION CITY,40.77389000000005,-74.02468999999996
312,EAST RUTHERFORD BORO,40.834550000000036,-74.09834999999998
313,MONMOUTH REGIONAL,40.305590076605704,-74.09102996220243
314,ABSECON CITY,39.43273000000005,-74.50740999999994
315,MIDDLESEX BORO,40.579360000000065,-74.50066999999996
316,SOMERDALE BORO,39.848430000000064,-75.01600999999994
317,SOUTH HARRISON TWP,39.69915000000003,-75.26506999999998
318,OCEAN CITY,39.27940000000007,-74.57554999999996
319,JEFFERSON TWP,41.019510000000025,-74.54726999999997
320,LAKELAND REGIONAL,41.060089950517096,-74.281720031738
321,DEPTFORD TWP,39.82844000000006,-75.12459999999999
322,MANNINGTON TWP,39.64522000000005,-75.42350999999996
323,RIDGEFIELD PARK TWP,40.858280000000036,-74.02474999999998
324,JACKSON TWP,40.11188000000004,-74.34410999999994
325,JAMESBURG BORO,40.35012000000006,-74.43751999999995
326,EATONTOWN BORO,40.305540000000065,-74.05790999999994
327,FOLSOM BORO,39.60190000000006,-74.84258999999997
328,MATAWAN-ABERDEEN REGIONAL,40.43071929523671,-74.23004574895293
329,EDGEWATER BORO,40.826880000000074,-73.97351999999995
330,WOODSTOWN-PILESGROVE REG,39.6385403315053,-75.35101429163326
331,NORTHFIELD CITY,39.366640000000075,-74.54979999999995
332,LAWRENCE TWP,40.282790000000034,-74.73168999999996
333,HIGH POINT REGIONAL,41.200070073287485,-74.64415992267409
334,ALPHA BORO,40.66617000000008,-75.16023999999999
335,CALDWELL-WEST CALDWELL,40.84111000000007,-74.30179999999996
336,ROCKAWAY TWP,40.91187000000008,-74.52772999999996
337,BORDENTOWN REGIONAL,40.15356005669637,-74.68457004962626
338,HAMPTON BORO,40.70697000000007,-74.95595999999995
339,UPPER FREEHOLD REGIONAL,40.17440000000005,-74.58754999999996
340,MONTCLAIR TOWN,40.81740000000008,-74.21614999999997
341,FRANKLIN TWP,40.49649000000005,-74.52676999999994
342,ANDOVER REG,40.986860000000036,-74.74218999999994
343,OLD BRIDGE TWP,40.40301000000005,-74.29675999999995
344,AUDUBON BORO,39.89387000000005,-75.08966999999996
345,CLIFTON CITY,40.86575000000005,-74.15981999999997
346,EGG HARBOR TWP,39.36221000000006,-74.58113999999995
347,DELSEA REGIONAL H.S DIST.,39.60829004169275,-75.06623991863562
348,WATERFORD TWP,39.766410000000064,-74.89215999999993
349,PERTH AMBOY CITY,40.50657000000007,-74.26587999999998
350,CHESTERFIELD TWP,40.12507000000005,-74.65276999999998
351,PLUMSTED TWP,40.087240000000065,-74.53346999999997
352,SOUTH HUNTERDON REGIONAL SCHOOL DISTRICT,40.38852999927986,-74.89066003851774
353,BLOOMSBURY BORO,40.65682000000004,-75.08195999999998
354,FREEHOLD BORO,40.259010000000046,-74.27579999999995
355,KNOWLTON TWP,40.929590000000076,-75.08911999999998
356,MONTAGUE TWP,41.302590000000066,-74.79374999999999
357,BRICK TWP,40.07510000000008,-74.15328999999997
358,BLOOMFIELD TWP,40.79191000000003,-74.19574999999998
359,LINDEN CITY,40.62510000000003,-74.23791999999997
360,OLDMANS TWP,39.757600000000025,-75.40999999999997
361,DUNELLEN BORO,40.591120000000046,-74.46422999999999
362,CARLSTADT BORO,40.84147000000007,-74.09438999999998
363,HARDYSTON TWP,41.14214000000004,-74.58685999999994
364,GLOUCESTER TWP,39.82153000000005,-75.04173999999995
365,CITY OF ORANGE TWP,40.773430000000076,-74.22880999999995
366,READINGTON TWP,40.60773000000006,-74.77574999999996
367,BELLEVILLE TOWN,40.78732000000008,-74.15289999999999
368,HOPE TWP,40.91094000000004,-74.96643999999998
369,EWING TWP,40.26991000000004,-74.79988999999995
370,JERSEY CITY,40.71748000000008,-74.04384999999996
371,BLAIRSTOWN TWP,40.98680000000007,-74.95109999999994
372,LOWER ALLOWAYS CREEK,39.50216000000006,-75.44251999999994
373,NETCONG BORO,40.898780000000045,-74.70618999999994
374,SADDLE BROOK TWP,40.895470000000046,-74.08260999999999
375,HIGHLAND PARK BORO,40.49813000000006,-74.42287999999996
376,HOBOKEN CITY,40.737160000000074,-74.03096999999997
377,HAMPTON TWP,41.105470000000025,-74.76156999999995
378,BELMAR BORO,40.18289000000004,-74.02433999999994
379,LONG BEACH ISLAND,39.659800000000075,-74.17079999999999
380,ROCHELLE PARK TWP,40.91321000000005,-74.07930999999996
381,MONROE TWP,40.33150000000006,-74.43960999999996
382,HAMMONTON TOWN,39.612040631056004,-74.48687667424
383,HACKENSACK CITY,40.88606000000004,-74.04445999999996
384,ELIZABETH CITY,40.66381000000007,-74.21143999999998
385,HAMILTON TWP,40.230360000000076,-74.72385999999995
386,WATCHUNG BORO,40.636420000000044,-74.45272999999997
387,MANTUA TWP,39.77864000000005,-75.16865999999999
388,HADDON TWP,39.91038000000003,-75.04942999999997
389,MOUNT HOLLY TWP,39.99301000000003,-74.78822999999994
390,AVALON BORO,39.094940000000065,-74.72376999999994
391,BAYONNE CITY,40.66873000000004,-74.11748999999998
392,NEW HANOVER TWP,40.02413000000007,-74.61582999999996
393,LOWER TWP,39.000920000000065,-74.89205999999996
394,DELAWARE TWP,40.44614000000007,-74.94263999999998
395,ELMWOOD PARK,40.90098000000006,-74.12396999999999
396,NORTH BERGEN TWP,40.77901000000003,-74.02697999999998
397,"KIPP: COOPER NORCROSS, A NEW JERSEY NONPROFIT CORPORATION",39.799570000000074,-75.33327999999995
398,WASHINGTON TWP,39.74475000000007,-75.08470999999997
399,WEST NEW YORK TOWN,40.785930000000064,-74.00930999999997
400,MANCHESTER TWP,40.01661000000007,-74.29619999999994
401,OAKLYN BORO,39.90378000000004,-75.07830999999999
402,SOUTHERN REGIONAL,39.71090000014333,-74.2521700729971
403,HIGH BRIDGE BORO,40.66932000000003,-74.89558999999997
404,SAYREVILLE BORO,40.46699000000007,-74.36129999999997
405,BELLMAWR BORO,39.866490000000056,-75.07799999999997
406,BETHLEHEM TWP,40.66584000000006,-75.01652999999999
407,EDGEWATER PARK TWP,40.04565000000008,-74.91813999999994
408,KENILWORTH BORO,40.67632000000003,-74.28916999999996
409,KEARNY TOWN,40.43258456679116,-74.20239605149796
410,FRENCHTOWN BORO,40.52742000000006,-75.06082999999995
411,RANCOCAS VALLEY REGIONAL,40.00254000000007,-74.78208999999998
412,ROCKAWAY BORO,40.900270000000035,-74.51174999999995
413,PINE HILL BORO,39.788470000000075,-74.99357999999995
414,FRANKLIN TWP,40.49649000000005,-74.52676999999994
415,PENNSVILLE,39.65498000000008,-75.52100999999993
416,GARWOOD BORO,40.65145000000007,-74.32516999999996
417,UNION BEACH,40.43979000000007,-74.17947999999996
418,SOMERS POINT CITY,39.31734000000006,-74.60654999999997
419,WALLKILL VALLEY REGIONAL,41.24067039469619,-74.5355972403892
420,VERNON TWP,41.199100000000044,-74.48500999999999
421,WOODBRIDGE TWP,40.55552000000006,-74.27605999999997
422,MANVILLE BORO,40.54880000000003,-74.58626999999996
423,NEW BRUNSWICK CITY,40.494770000000074,-74.44383999999997
424,STAFFORD TWP,39.691310000000044,-74.25010999999995
425,LUMBERTON TWP,39.96421000000004,-74.80618999999996
426,ROSELLE BORO,40.65850000000006,-74.26321999999993
427,BRADLEY BEACH BORO,40.20457000000005,-74.01741999999996
428,FRANKFORD TWP,41.15946000000008,-74.73837999999995
429,HOPEWELL TWP,40.308940000000064,-74.81318999999996
430,NORTH BRUNSWICK TWP,40.46783000000005,-74.46062999999998
431,WOOD-RIDGE BORO,40.84420000000006,-74.08747999999997
432,SOUTH BOUND BROOK,40.55812000000003,-74.52789999999999
433,LAWRENCE TWP,40.282790000000034,-74.73168999999996
434,OXFORD TWP,40.803480000000036,-74.99122999999997
435,MULLICA TWP,39.58887000000004,-74.69787999999994
436,HALEDON BORO,40.94135000000006,-74.18521999999996
437,TOMS RIVER REGIONAL,39.953070000000025,-74.19371999999998
438,CLAYTON BORO,39.66163000000006,-75.09274999999997
439,WARREN HILLS REGIONAL,40.77374003346887,-74.98314005510885
440,NORTH WILDWOOD CITY,39.00106000000005,-74.79635999999994
441,WILDWOOD CREST BORO,38.97667000000007,-74.83131999999995
442,WINSLOW TWP,39.659800000000075,-74.86298999999997
443,DEERFIELD TWP,39.45668000000006,-75.13898999999998
444,GATEWAY REGIONAL,39.81762000000003,-75.14077999999995
445,BERKELEY TWP,39.90522000000004,-74.23279999999994
446,LACEY TWP,39.859710000000064,-74.20699999999994
447,STRATFORD BORO,39.83299000000005,-75.00664999999998
448,CARTERET BORO,40.57860000000005,-74.21914999999996
449,LAVALLETTE BORO,39.96846000000005,-74.06924999999995
450,UPPER DEERFIELD TWP,39.510380000000055,-75.22596999999996
451,MAPLE SHADE TWP,39.95258000000007,-74.99730999999997
452,WESTAMPTON,40.03066175190126,-74.8558091011835
453,VENTNOR CITY,39.33771000000007,-74.47926999999999
454,OCEAN TWP,40.25386000000003,-74.01228999999995
455,LITTLE EGG HARBOR TWP,39.57734000000005,-74.36328999999995
456,MIDDLE TWP,39.08310000000006,-74.82553999999999
457,MEDFORD LAKES BORO,39.85845000000006,-74.80293999999998
458,ELSINBORO TWP,39.53976000000006,-75.49916999999994
459,ESTELL MANOR CITY,39.37635000000006,-74.82615999999996
460,PASSAIC VALLEY REGIONAL,40.878460000000075,-74.22028999999998
461,WEEHAWKEN TWP,40.768290000000036,-74.02345999999994
462,SOUTH AMBOY CITY,40.484620000000064,-74.28105999999997
463,GALLOWAY TWP,39.467760000000055,-74.50129999999996
464,GLASSBORO,39.70747000000006,-75.11103999999995
465,HOPATCONG,40.93968000000007,-74.65851999999995
466,WEST MILFORD TWP,41.13068000000004,-74.36857999999995
467,EAGLESWOOD TWP,39.636250000000075,-74.31130999999993
468,NORTH PLAINFIELD BORO,40.62110000000007,-74.42824999999993
469,LAKEWOOD TWP,40.09325000000007,-74.21357999999998
470,GLOUCESTER CITY,39.89655000000005,-75.12064999999996
471,HENRY HUDSON REGIONAL,40.392900000000054,-73.98686999999995
472,SOUTH RIVER BORO,40.45071000000007,-74.38166999999999
473,BLACK HORSE PIKE REGIONAL,40.418270000000064,-74.50278999999995
474,GREATER EGG HARBOR REG,39.36221000000006,-74.58113999999995
475,TOTOWA BORO,40.90398000000005,-74.21726999999998
476,HAMILTON TWP,40.230360000000076,-74.72385999999995
477,KEYPORT BORO,40.43708000000004,-74.20351999999997
478,LONG BRANCH CITY,40.30376000000007,-73.99336999999997
479,PENNSAUKEN TWP,39.95593000000008,-75.05816999999996
480,STERLING HIGH SCHOOL DIST,39.836269999856775,-75.02517003563311
481,WHARTON BORO,40.899110000000064,-74.58417999999995
482,PINELANDS REGIONAL,39.61306995614298,-74.36222005107044
483,EAST ORANGE,40.76099000000005,-74.20990999999998
484,MERCHANTVILLE BORO,39.95039000000003,-75.04906999999997
485,WEST CAPE MAY BORO,38.94262000000003,-74.92969999999997
486,TUCKERTON BORO,39.60370000000006,-74.33774999999997
487,WOODLAND PARK,40.89680000000004,-74.19840999999997
488,BELVIDERE TOWN,40.22501163414126,-74.77035008963368
489,NEWTON TOWN,39.97902464014617,-74.57603729383912
490,LAWNSIDE BORO,39.86819000000003,-75.03298999999998
491,FLORENCE TWP,40.11661000000004,-74.80671999999998
492,BURLINGTON CITY,40.07687000000004,-74.85774999999995
493,FAIRFIELD TWP,40.88014000000004,-74.28927999999996
494,PATERSON CITY,40.91661000000005,-74.17163999999997
495,PASSAIC CITY,41.03434749000007,-74.30105721099994
496,NORTH WARREN REGIONAL,40.98228000000006,-74.99060999999995
497,RAHWAY CITY,40.60705000000007,-74.28097999999994
498,LOWER CAPE MAY REGIONAL,38.97906000000006,-74.90654999999998
499,HILLSIDE TWP,40.701550000000054,-74.22914999999995
500,EAST NEWARK BORO,40.74843000000004,-74.16180999999995
501,HAMBURG BORO,41.154220000000066,-74.57649999999995
502,BARNEGAT TWP,39.75870000000003,-74.24784999999997
503,ENGLEWOOD CITY,40.89525000000003,-73.97459999999995
504,NEWARK CITY,40.72427000000005,-74.17291999999998
505,PROSPECT PARK BORO,40.93476000000004,-74.17382999999995
506,WOODBURY CITY,39.838820000000055,-75.15463999999997
507,PALISADES PARK,40.847930000000076,-73.99783999999994
508,BOUND BROOK BORO,40.56418000000008,-74.52971999999994
509,WOODLAND TWP,39.851780000000076,-74.50105999999994
510,WILLINGBORO TWP,40.031570000000045,-74.89473999999996
511,IRVINGTON TOWNSHIP,40.72830000000005,-74.23386999999997
512,DELANCO TWP,40.05140000000006,-74.95723999999996
513,BRIGANTINE CITY,39.40173000000004,-74.37318999999997
514,VINELAND CITY,39.48619000000008,-75.02613999999994
515,NEPTUNE TWP,40.20971000000003,-74.03585999999996
516,ATLANTIC CITY,39.36287000000004,-74.42636999999996
517,WOODBURY HEIGHTS BORO,39.80931722145085,-75.17738666622323
518,MAURICE RIVER TWP,39.25392000000005,-74.98205999999993
519,FAIRVIEW BORO,39.777780000000064,-75.11499999999995
520,PALMYRA BORO,40.00299000000007,-75.02291999999994
521,PHILLIPSBURG TOWN,40.68899000000005,-75.18239999999997
522,OGDENSBURG BORO,41.08269000000007,-74.59174999999993
523,CENTRAL REGIONAL,39.89077000000003,-74.20565999999997
524,SUSSEX-WANTAGE REGIONAL,41.2103115,-74.61583199999998
525,PLAINFIELD CITY,40.61781000000008,-74.41747999999995
526,PEMBERTON TWP,39.94495000000006,-74.58784999999995
527,TABERNACLE TWP,39.843900000000076,-74.71076999999997
528,WILDWOOD CITY,38.98900000000003,-74.81988999999999
529,HAINESPORT TWP,39.985340000000065,-74.82788999999997
530,RIVERSIDE TWP,40.037870000000055,-74.95996999999994
531,PLEASANTVILLE CITY,39.39292000000006,-74.52342999999996
532,MOUNT EPHRAIM BORO,39.87845000000004,-75.09266999999994
533,RUNNEMEDE BORO,39.85328000000004,-75.07334999999995
534,CUMBERLAND REGIONAL,39.475419993220335,-75.221230024091
535,PASSAIC CO MANCHESTER REG,40.9412399489296,-74.18252999610482
536,WESTVILLE BORO,39.87236000000007,-75.12566999999996
537,BRIDGETON CITY,39.42947000000004,-75.23405999999994
538,MAGNOLIA BORO,39.85320000000007,-75.03934999999996
539,TRENTON CITY,40.21788000000004,-74.75939999999997
540,GIBBSBORO BORO,39.83754000000005,-74.96895999999998
541,DOWNE TWP,39.29335000000003,-75.16194999999993
542,KEANSBURG BORO,40.44181000000003,-74.13106999999997
543,WOODLYNNE BORO,39.91655000000003,-75.09539999999998
544,EGG HARBOR CITY,39.53116000000006,-74.64482999999996
545,BROOKLAWN BORO,39.87912000000006,-75.11938999999995
546,BUENA REGIONAL,39.53635002784297,-74.91916999466439
547,MILLVILLE CITY,39.395380000000046,-75.03774999999996
548,LAKEHURST BORO,40.012410000000045,-74.30967999999996
549,DENNIS TWP,39.20634000000007,-74.78695999999997
550,SALEM CITY,39.57661331600008,-75.35810746199996
551,EASTAMPTON TWP,39.997160000000065,-74.75079999999997
552,CAMDEN CITY,39.80371856200003,-74.95999825099994
553,LINDENWOLD BORO,39.824280000000044,-74.99766999999997
554,"MASTERY SCHOOLS OF CAMDEN, INC. ",39.688726500000016,-74.88855
555,PENNS GRV-CARNEY'S PT REG,39.72284001500368,-75.47391001889872
556,PAULSBORO BORO,39.83176000000003,-75.24134999999995
557,ASBURY PARK CITY,40.21703000000008,-74.01300999999995
558,SEASIDE HEIGHTS BORO,39.94375000000008,-74.07331999999997
559,COMMERCIAL TWP,39.30496000000005,-75.01017999999993
